<?xml version="1.0" encoding="UTF-8"?>
<Piece xmlns="http://www.cmme.org" xmlns:xsi="http://www.w3.org/2001/XMLSchema-instance" xsi:schemaLocation="http://www.cmme.org cmme.xsd">
  <GeneralData>
    <Incipit />
    <Title>Salve regina</Title>
    <Composer>Pierre de La Rue</Composer>
    <Editor>Marnix van Berchum</Editor>
  </GeneralData>
  <VoiceData>
    <NumVoices>1</NumVoices>
    <Voice>
      <Name></Name>
      <EventList>
        <MiscItem>
          <TextAnnotation>
            <Text>Bassus.</Text>
            <StaffLoc>-7</StaffLoc>
          </TextAnnotation>
        </MiscItem>
        <Clef>
          <Appearance>Frnd</Appearance>
          <StaffLoc>7</StaffLoc>
          <Pitch>
            <LetterName>F</LetterName>
            <OctaveNum>2</OctaveNum>
          </Pitch>
        </Clef>
        <Mensuration>
          <Sign>
            <MainSymbol>C</MainSymbol>
          </Sign>
          <Number>
            <Num>2</Num>
            <Den>0</Den>
          </Number>
          <StaffLoc>6</StaffLoc>
          <MensInfo>
            <Prolatio>2</Prolatio>
            <Tempus>2</Tempus>
            <ModusMinor>2</ModusMinor>
            <ModusMaior>2</ModusMaior>
          </MensInfo>
        </Mensuration>
        <Rest>
          <Type>Maxima</Type>
          <Length>
            <Num>16</Num>
            <Den>1</Den>
          </Length>
          <BottomStaffLine>3</BottomStaffLine>
          <NumSpaces>2</NumSpaces>
        </Rest>
        <Rest>
          <Type>Maxima</Type>
          <Length>
            <Num>16</Num>
            <Den>1</Den>
          </Length>
          <BottomStaffLine>2</BottomStaffLine>
          <NumSpaces>2</NumSpaces>
        </Rest>
        <Rest>
          <Type>Longa</Type>
          <Length>
            <Num>8</Num>
            <Den>1</Den>
          </Length>
          <BottomStaffLine>1</BottomStaffLine>
          <NumSpaces>2</NumSpaces>
        </Rest>
        <Custos>
          <LetterName>D</LetterName>
          <OctaveNum>2</OctaveNum>
        </Custos>
        <MiscItem>
          <TextAnnotation>
            <Text>Tenor.</Text>
            <StaffLoc>-7</StaffLoc>
          </TextAnnotation>
        </MiscItem>
        <Clef>
          <Appearance>C</Appearance>
          <StaffLoc>7</StaffLoc>
          <Pitch>
            <LetterName>C</LetterName>
            <OctaveNum>3</OctaveNum>
          </Pitch>
        </Clef>
        <Mensuration>
          <Sign>
            <MainSymbol>C</MainSymbol>
          </Sign>
          <Number>
            <Num>2</Num>
            <Den>0</Den>
          </Number>
          <StaffLoc>6</StaffLoc>
          <MensInfo>
            <Prolatio>2</Prolatio>
            <Tempus>2</Tempus>
            <ModusMinor>2</ModusMinor>
            <ModusMaior>2</ModusMaior>
          </MensInfo>
        </Mensuration>
        <Rest>
          <Type>Maxima</Type>
          <Length>
            <Num>16</Num>
            <Den>1</Den>
          </Length>
          <BottomStaffLine>3</BottomStaffLine>
          <NumSpaces>2</NumSpaces>
        </Rest>
        <Rest>
          <Type>Maxima</Type>
          <Length>
            <Num>16</Num>
            <Den>1</Den>
          </Length>
          <BottomStaffLine>2</BottomStaffLine>
          <NumSpaces>2</NumSpaces>
        </Rest>
        <Custos>
          <LetterName>A</LetterName>
          <OctaveNum>3</OctaveNum>
        </Custos>
        <MiscItem>
          <TextAnnotation>
            <Text>Altus</Text>
            <StaffLoc>-7</StaffLoc>
          </TextAnnotation>
        </MiscItem>
        <Clef>
          <Appearance>C</Appearance>
          <StaffLoc>5</StaffLoc>
          <Pitch>
            <LetterName>C</LetterName>
            <OctaveNum>3</OctaveNum>
          </Pitch>
        </Clef>
        <Mensuration>
          <Sign>
            <MainSymbol>C</MainSymbol>
          </Sign>
          <Number>
            <Num>2</Num>
            <Den>0</Den>
          </Number>
          <MensInfo>
            <Prolatio>2</Prolatio>
            <Tempus>2</Tempus>
            <ModusMinor>2</ModusMinor>
            <ModusMaior>2</ModusMaior>
          </MensInfo>
        </Mensuration>
        <Rest>
          <Type>Longa</Type>
          <Length>
            <Num>8</Num>
            <Den>1</Den>
          </Length>
          <BottomStaffLine>2</BottomStaffLine>
          <NumSpaces>2</NumSpaces>
        </Rest>
        <Custos>
          <LetterName>D</LetterName>
          <OctaveNum>3</OctaveNum>
        </Custos>
        <MiscItem>
          <TextAnnotation>
            <Text>discantus.</Text>
            <StaffLoc>-7</StaffLoc>
          </TextAnnotation>
        </MiscItem>
        <Clef>
          <Appearance>C</Appearance>
          <StaffLoc>1</StaffLoc>
          <Pitch>
            <LetterName>C</LetterName>
            <OctaveNum>3</OctaveNum>
          </Pitch>
        </Clef>
        <Mensuration>
          <Sign>
            <MainSymbol>C</MainSymbol>
          </Sign>
          <Number>
            <Num>2</Num>
            <Den>0</Den>
          </Number>
          <StaffLoc>5</StaffLoc>
          <MensInfo>
            <Prolatio>2</Prolatio>
            <Tempus>2</Tempus>
            <ModusMinor>2</ModusMinor>
            <ModusMaior>2</ModusMaior>
          </MensInfo>
        </Mensuration>
        <Note>
          <Type>Brevis</Type>
          <Length>
            <Num>4</Num>
            <Den>1</Den>
          </Length>
          <LetterName>A</LetterName>
          <OctaveNum>4</OctaveNum>
        </Note>
        <OriginalText>
          <Phrase>Sal</Phrase>
        </OriginalText>
        <Note>
          <Type>Semibrevis</Type>
          <Length>
            <Num>2</Num>
            <Den>1</Den>
          </Length>
          <LetterName>G</LetterName>
          <OctaveNum>3</OctaveNum>
          <Lig>Recta</Lig>
          <Stem>
            <Dir>Up</Dir>
            <Side>Left</Side>
          </Stem>
        </Note>
        <Note>
          <Type>Semibrevis</Type>
          <Length>
            <Num>2</Num>
            <Den>1</Den>
          </Length>
          <LetterName>A</LetterName>
          <OctaveNum>4</OctaveNum>
        </Note>
        <OriginalText>
          <Phrase>ue</Phrase>
        </OriginalText>
        <Note>
          <Type>Brevis</Type>
          <Length>
            <Num>4</Num>
            <Den>1</Den>
          </Length>
          <LetterName>D</LetterName>
          <OctaveNum>3</OctaveNum>
        </Note>
        <Rest>
          <Type>Semibrevis</Type>
          <Length>
            <Num>2</Num>
            <Den>1</Den>
          </Length>
          <BottomStaffLine>4</BottomStaffLine>
          <NumSpaces>0</NumSpaces>
        </Rest>
        <MiscItem>
          <TextAnnotation>
            <Text>dulcedo</Text>
            <StaffLoc>-8</StaffLoc>
          </TextAnnotation>
        </MiscItem>
        <OriginalText>
          <Phrase>regina</Phrase>
        </OriginalText>
        <Note>
          <Type>Semibrevis</Type>
          <Length>
            <Num>2</Num>
            <Den>1</Den>
          </Length>
          <LetterName>A</LetterName>
          <OctaveNum>4</OctaveNum>
        </Note>
        <Note>
          <Type>Semibrevis</Type>
          <Length>
            <Num>2</Num>
            <Den>1</Den>
          </Length>
          <LetterName>B</LetterName>
          <OctaveNum>4</OctaveNum>
        </Note>
        <Note>
          <Type>Minima</Type>
          <Length>
            <Num>3</Num>
            <Den>2</Den>
          </Length>
          <LetterName>B</LetterName>
          <OctaveNum>4</OctaveNum>
          <Stem>
            <Dir>Down</Dir>
          </Stem>
        </Note>
        <Dot>
          <StaffLoc>4</StaffLoc>
        </Dot>
        <Note>
          <Type>Semiminima</Type>
          <Length>
            <Num>1</Num>
            <Den>2</Den>
          </Length>
          <LetterName>A</LetterName>
          <OctaveNum>4</OctaveNum>
          <Stem>
            <Dir>Down</Dir>
          </Stem>
        </Note>
        <Note>
          <Type>Semibrevis</Type>
          <Length>
            <Num>2</Num>
            <Den>1</Den>
          </Length>
          <LetterName>G</LetterName>
          <OctaveNum>3</OctaveNum>
        </Note>
        <MiscItem>
          <Ellipsis />
        </MiscItem>
        <Clef>
          <Appearance>C</Appearance>
          <StaffLoc>7</StaffLoc>
          <Pitch>
            <LetterName>C</LetterName>
            <OctaveNum>3</OctaveNum>
          </Pitch>
        </Clef>
        <MiscItem>
          <TextAnnotation>
            <Text>T</Text>
            <StaffLoc>10</StaffLoc>
          </TextAnnotation>
        </MiscItem>
        <Note>
          <Type>Minima</Type>
          <Length>
            <Num>1</Num>
            <Den>1</Den>
          </Length>
          <LetterName>E</LetterName>
          <OctaveNum>2</OctaveNum>
          <Signum>
            <Offset>13</Offset>
          </Signum>
        </Note>
        <Clef>
          <Appearance>Frnd</Appearance>
          <StaffLoc>7</StaffLoc>
          <Pitch>
            <LetterName>F</LetterName>
            <OctaveNum>2</OctaveNum>
          </Pitch>
        </Clef>
        <MiscItem>
          <TextAnnotation>
            <Text>B</Text>
            <StaffLoc>10</StaffLoc>
          </TextAnnotation>
        </MiscItem>
        <Note>
          <Type>Semibrevis</Type>
          <Length>
            <Num>2</Num>
            <Den>1</Den>
          </Length>
          <LetterName>E</LetterName>
          <OctaveNum>1</OctaveNum>
          <Signum>
            <Offset>16</Offset>
          </Signum>
        </Note>
        <Clef>
          <Appearance>C</Appearance>
          <StaffLoc>1</StaffLoc>
          <Pitch>
            <LetterName>C</LetterName>
            <OctaveNum>3</OctaveNum>
          </Pitch>
        </Clef>
        <MiscItem>
          <TextAnnotation>
            <Text>S</Text>
            <StaffLoc>10</StaffLoc>
          </TextAnnotation>
        </MiscItem>
        <Note>
          <Type>Minima</Type>
          <Length>
            <Num>1</Num>
            <Den>1</Den>
          </Length>
          <LetterName>C</LetterName>
          <OctaveNum>3</OctaveNum>
          <Signum>
            <Offset>14</Offset>
          </Signum>
        </Note>
        <Clef>
          <Appearance>C</Appearance>
          <StaffLoc>5</StaffLoc>
          <Pitch>
            <LetterName>C</LetterName>
            <OctaveNum>3</OctaveNum>
          </Pitch>
        </Clef>
        <MiscItem>
          <TextAnnotation>
            <Text>[C]</Text>
            <StaffLoc>10</StaffLoc>
          </TextAnnotation>
        </MiscItem>
        <Note>
          <Type>Longa</Type>
          <Length>
            <Num>8</Num>
            <Den>1</Den>
          </Length>
          <LetterName>A</LetterName>
          <OctaveNum>3</OctaveNum>
          <Stem>
            <Dir>Down</Dir>
          </Stem>
        </Note>
      </EventList>
    </Voice>
  </VoiceData>
</Piece>

