<?xml version="1.0" encoding="UTF-8"?>
<Piece xmlns="http://www.cmme.org" xmlns:xsi="http://www.w3.org/2001/XMLSchema-instance" xsi:schemaLocation="http://www.cmme.org cmme.xsd">
  <GeneralData>
    <Incipit />
    <Title>Salve regina</Title>
    <Composer>Antonius Divitis</Composer>
    <Editor>Marnix van Berchum</Editor>
  </GeneralData>
  <VoiceData>
    <NumVoices>5</NumVoices>
    <Voice>
      <Name>[Superius]</Name>
      <EventList>
        <Clef>
          <Appearance>G</Appearance>
          <StaffLoc>3</StaffLoc>
          <Pitch>
            <LetterName>G</LetterName>
            <OctaveNum>3</OctaveNum>
          </Pitch>
        </Clef>
        <Clef>
          <Appearance>Bmol</Appearance>
          <StaffLoc>5</StaffLoc>
          <Pitch>
            <LetterName>B</LetterName>
            <OctaveNum>4</OctaveNum>
          </Pitch>
          <Signature />
        </Clef>
        <Mensuration>
          <Sign>
            <MainSymbol>C</MainSymbol>
            <Strokes>1</Strokes>
          </Sign>
          <StaffLoc>6</StaffLoc>
        </Mensuration>
        <OriginalText>
          <Phrase>SAlue</Phrase>
        </OriginalText>
        <Rest>
          <Type>Semibrevis</Type>
          <Length>
            <Num>2</Num>
            <Den>1</Den>
          </Length>
          <BottomStaffLine>4</BottomStaffLine>
          <NumSpaces>0</NumSpaces>
        </Rest>
        <Note>
          <Type>Semibrevis</Type>
          <Length>
            <Num>6</Num>
            <Den>2</Den>
          </Length>
          <LetterName>D</LetterName>
          <OctaveNum>4</OctaveNum>
        </Note>
        <Dot>
          <StaffLoc>4</StaffLoc>
        </Dot>
        <Note>
          <Type>Minima</Type>
          <Length>
            <Num>1</Num>
            <Den>1</Den>
          </Length>
          <LetterName>D</LetterName>
          <OctaveNum>4</OctaveNum>
        </Note>
        <Note>
          <Type>Semibrevis</Type>
          <Length>
            <Num>2</Num>
            <Den>1</Den>
          </Length>
          <LetterName>C</LetterName>
          <OctaveNum>4</OctaveNum>
        </Note>
        <Note>
          <Type>Semibrevis</Type>
          <Length>
            <Num>2</Num>
            <Den>1</Den>
          </Length>
          <LetterName>D</LetterName>
          <OctaveNum>4</OctaveNum>
        </Note>
        <OriginalText>
          <Phrase>regina</Phrase>
        </OriginalText>
        <Note>
          <Type>Minima</Type>
          <Length>
            <Num>1</Num>
            <Den>1</Den>
          </Length>
          <LetterName>G</LetterName>
          <OctaveNum>3</OctaveNum>
        </Note>
        <Note>
          <Type>Minima</Type>
          <Length>
            <Num>1</Num>
            <Den>1</Den>
          </Length>
          <LetterName>G</LetterName>
          <OctaveNum>3</OctaveNum>
        </Note>
        <Note>
          <Type>Minima</Type>
          <Length>
            <Num>1</Num>
            <Den>1</Den>
          </Length>
          <LetterName>A</LetterName>
          <OctaveNum>4</OctaveNum>
        </Note>
        <Note>
          <Type>Minima</Type>
          <Length>
            <Num>1</Num>
            <Den>1</Den>
          </Length>
          <LetterName>F</LetterName>
          <OctaveNum>3</OctaveNum>
        </Note>
        <OriginalText>
          <Phrase>misericor.</Phrase>
        </OriginalText>
        <Note>
          <Type>Minima</Type>
          <Length>
            <Num>3</Num>
            <Den>2</Den>
          </Length>
          <LetterName>G</LetterName>
          <OctaveNum>3</OctaveNum>
        </Note>
        <Dot>
          <StaffLoc>2</StaffLoc>
        </Dot>
        <Note>
          <Type>Fusa</Type>
          <Length>
            <Num>1</Num>
            <Den>4</Den>
          </Length>
          <LetterName>F</LetterName>
          <OctaveNum>3</OctaveNum>
        </Note>
        <MiscItem>
          <Ellipsis />
        </MiscItem>
        <Note>
          <Type>Longa</Type>
          <Length>
            <Num>8</Num>
            <Den>1</Den>
          </Length>
          <LetterName>D</LetterName>
          <OctaveNum>3</OctaveNum>
        </Note>
      </EventList>
    </Voice>
    <Voice>
      <Name>COntratenor.</Name>
      <EventList>
        <Clef>
          <Appearance>C</Appearance>
          <StaffLoc>5</StaffLoc>
          <Pitch>
            <LetterName>C</LetterName>
            <OctaveNum>3</OctaveNum>
          </Pitch>
        </Clef>
        <Clef>
          <Appearance>Bmol</Appearance>
          <StaffLoc>4</StaffLoc>
          <Pitch>
            <LetterName>B</LetterName>
            <OctaveNum>3</OctaveNum>
          </Pitch>
          <Signature />
        </Clef>
        <Mensuration>
          <Sign>
            <MainSymbol>C</MainSymbol>
            <Strokes>1</Strokes>
          </Sign>
          <StaffLoc>6</StaffLoc>
        </Mensuration>
        <OriginalText>
          <Phrase>Salue</Phrase>
        </OriginalText>
        <Note>
          <Type>Semibrevis</Type>
          <Length>
            <Num>6</Num>
            <Den>2</Den>
          </Length>
          <LetterName>G</LetterName>
          <OctaveNum>3</OctaveNum>
        </Note>
        <Dot>
          <StaffLoc>5</StaffLoc>
        </Dot>
        <Note>
          <Type>Minima</Type>
          <Length>
            <Num>1</Num>
            <Den>1</Den>
          </Length>
          <LetterName>G</LetterName>
          <OctaveNum>3</OctaveNum>
        </Note>
        <Note>
          <Type>Minima</Type>
          <Length>
            <Num>3</Num>
            <Den>2</Den>
          </Length>
          <LetterName>F</LetterName>
          <OctaveNum>3</OctaveNum>
        </Note>
        <Dot>
          <StaffLoc>4</StaffLoc>
        </Dot>
        <OriginalText>
          <Phrase>regina</Phrase>
        </OriginalText>
        <Note>
          <Type>Fusa</Type>
          <Length>
            <Num>1</Num>
            <Den>4</Den>
          </Length>
          <LetterName>E</LetterName>
          <OctaveNum>3</OctaveNum>
        </Note>
        <Note>
          <Type>Fusa</Type>
          <Length>
            <Num>1</Num>
            <Den>4</Den>
          </Length>
          <LetterName>D</LetterName>
          <OctaveNum>3</OctaveNum>
        </Note>
        <Note>
          <Type>Minima</Type>
          <Length>
            <Num>1</Num>
            <Den>1</Den>
          </Length>
          <LetterName>E</LetterName>
          <OctaveNum>3</OctaveNum>
        </Note>
        <Note>
          <Type>Minima</Type>
          <Length>
            <Num>1</Num>
            <Den>1</Den>
          </Length>
          <LetterName>C</LetterName>
          <OctaveNum>3</OctaveNum>
        </Note>
        <Note>
          <Type>Brevis</Type>
          <Length>
            <Num>4</Num>
            <Den>1</Den>
          </Length>
          <LetterName>G</LetterName>
          <OctaveNum>3</OctaveNum>
        </Note>
        <Note>
          <Type>Semibrevis</Type>
          <Length>
            <Num>2</Num>
            <Den>1</Den>
          </Length>
          <LetterName>F</LetterName>
          <OctaveNum>3</OctaveNum>
        </Note>
        <Rest>
          <Type>Semibrevis</Type>
          <Length>
            <Num>2</Num>
            <Den>1</Den>
          </Length>
          <BottomStaffLine>3</BottomStaffLine>
          <NumSpaces>0</NumSpaces>
        </Rest>
        <MiscItem>
          <Ellipsis />
        </MiscItem>
        <Note>
          <Type>Longa</Type>
          <Length>
            <Num>8</Num>
            <Den>1</Den>
          </Length>
          <LetterName>B</LetterName>
          <OctaveNum>3</OctaveNum>
          <Stem>
            <Dir>Down</Dir>
          </Stem>
        </Note>
      </EventList>
    </Voice>
    <Voice>
      <Name>Tenor primus.</Name>
      <EventList>
        <Clef>
          <Appearance>C</Appearance>
          <StaffLoc>7</StaffLoc>
          <Pitch>
            <LetterName>C</LetterName>
            <OctaveNum>3</OctaveNum>
          </Pitch>
        </Clef>
        <Clef>
          <Appearance>Bmol</Appearance>
          <StaffLoc>6</StaffLoc>
          <Pitch>
            <LetterName>B</LetterName>
            <OctaveNum>3</OctaveNum>
          </Pitch>
          <Signature />
        </Clef>
        <Mensuration>
          <Sign>
            <MainSymbol>C</MainSymbol>
            <Strokes>1</Strokes>
          </Sign>
        </Mensuration>
        <Rest>
          <Type>Longa</Type>
          <Length>
            <Num>8</Num>
            <Den>1</Den>
          </Length>
          <BottomStaffLine>2</BottomStaffLine>
          <NumSpaces>2</NumSpaces>
        </Rest>
        <OriginalText>
          <Phrase>Adieu </Phrase>
        </OriginalText>
        <Note>
          <Type>Semibrevis</Type>
          <Length>
            <Num>2</Num>
            <Den>1</Den>
          </Length>
          <LetterName>G</LetterName>
          <OctaveNum>2</OctaveNum>
        </Note>
        <Note>
          <Type>Semibrevis</Type>
          <Length>
            <Num>2</Num>
            <Den>1</Den>
          </Length>
          <LetterName>B</LetterName>
          <OctaveNum>3</OctaveNum>
        </Note>
        <Note>
          <Type>Semibrevis</Type>
          <Length>
            <Num>2</Num>
            <Den>1</Den>
          </Length>
          <LetterName>A</LetterName>
          <OctaveNum>3</OctaveNum>
        </Note>
        <OriginalText>
          <Phrase>mes</Phrase>
        </OriginalText>
        <Note>
          <Type>Semibrevis</Type>
          <Length>
            <Num>2</Num>
            <Den>1</Den>
          </Length>
          <LetterName>G</LetterName>
          <OctaveNum>2</OctaveNum>
        </Note>
        <Note>
          <Type>Brevis</Type>
          <Length>
            <Num>4</Num>
            <Den>1</Den>
          </Length>
          <LetterName>D</LetterName>
          <OctaveNum>3</OctaveNum>
        </Note>
        <OriginalText>
          <Phrase>amours</Phrase>
        </OriginalText>
        <Rest>
          <Type>Maxima</Type>
          <Length>
            <Num>16</Num>
            <Den>1</Den>
          </Length>
          <BottomStaffLine>3</BottomStaffLine>
          <NumSpaces>2</NumSpaces>
        </Rest>
        <Note>
          <Type>Semibrevis</Type>
          <Length>
            <Num>6</Num>
            <Den>2</Den>
          </Length>
          <LetterName>C</LetterName>
          <OctaveNum>3</OctaveNum>
        </Note>
        <Dot>
          <StaffLoc>4</StaffLoc>
        </Dot>
        <Note>
          <Type>Minima</Type>
          <Length>
            <Num>1</Num>
            <Den>1</Den>
          </Length>
          <LetterName>B</LetterName>
          <OctaveNum>3</OctaveNum>
        </Note>
        <Note>
          <Type>Semibrevis</Type>
          <Length>
            <Num>2</Num>
            <Den>1</Den>
          </Length>
          <LetterName>A</LetterName>
          <OctaveNum>3</OctaveNum>
        </Note>
        <Note>
          <Type>Semibrevis</Type>
          <Length>
            <Num>2</Num>
            <Den>1</Den>
          </Length>
          <LetterName>F</LetterName>
          <OctaveNum>2</OctaveNum>
        </Note>
        <MiscItem>
          <Ellipsis />
        </MiscItem>
        <Note>
          <Type>Longa</Type>
          <Length>
            <Num>8</Num>
            <Den>1</Den>
          </Length>
          <LetterName>G</LetterName>
          <OctaveNum>2</OctaveNum>
          <Stem>
            <Dir>Down</Dir>
          </Stem>
        </Note>
      </EventList>
    </Voice>
    <Voice>
      <Name>Tenor secundus.</Name>
      <EventList>
        <Clef>
          <Appearance>C</Appearance>
          <StaffLoc>7</StaffLoc>
          <Pitch>
            <LetterName>C</LetterName>
            <OctaveNum>3</OctaveNum>
          </Pitch>
        </Clef>
        <Clef>
          <Appearance>Bmol</Appearance>
          <StaffLoc>6</StaffLoc>
          <Pitch>
            <LetterName>B</LetterName>
            <OctaveNum>3</OctaveNum>
          </Pitch>
          <Signature />
        </Clef>
        <Mensuration>
          <Sign>
            <MainSymbol>C</MainSymbol>
            <Strokes>1</Strokes>
          </Sign>
        </Mensuration>
        <OriginalText>
          <Phrase>Salue</Phrase>
        </OriginalText>
        <Note>
          <Type>Semibrevis</Type>
          <Length>
            <Num>6</Num>
            <Den>2</Den>
          </Length>
          <LetterName>G</LetterName>
          <OctaveNum>2</OctaveNum>
        </Note>
        <Dot>
          <StaffLoc>2</StaffLoc>
        </Dot>
        <Note>
          <Type>Minima</Type>
          <Length>
            <Num>1</Num>
            <Den>1</Den>
          </Length>
          <LetterName>G</LetterName>
          <OctaveNum>2</OctaveNum>
        </Note>
        <Note>
          <Type>Semibrevis</Type>
          <Length>
            <Num>2</Num>
            <Den>1</Den>
          </Length>
          <LetterName>B</LetterName>
          <OctaveNum>3</OctaveNum>
        </Note>
        <OriginalText>
          <Phrase>regina</Phrase>
        </OriginalText>
        <Note>
          <Type>Semibrevis</Type>
          <Length>
            <Num>2</Num>
            <Den>1</Den>
          </Length>
          <LetterName>A</LetterName>
          <OctaveNum>3</OctaveNum>
        </Note>
        <Note>
          <Type>Semibrevis</Type>
          <Length>
            <Num>2</Num>
            <Den>1</Den>
          </Length>
          <LetterName>G</LetterName>
          <OctaveNum>2</OctaveNum>
        </Note>
        <Rest>
          <Type>Minima</Type>
          <Length>
            <Num>1</Num>
            <Den>1</Den>
          </Length>
          <BottomStaffLine>4</BottomStaffLine>
          <NumSpaces>0</NumSpaces>
        </Rest>
        <Note>
          <Type>Semibrevis</Type>
          <Length>
            <Num>2</Num>
            <Den>1</Den>
          </Length>
          <LetterName>D</LetterName>
          <OctaveNum>3</OctaveNum>
        </Note>
        <OriginalText>
          <Phrase>misericordie</Phrase>
        </OriginalText>
        <Note>
          <Type>Minima</Type>
          <Length>
            <Num>1</Num>
            <Den>1</Den>
          </Length>
          <LetterName>D</LetterName>
          <OctaveNum>3</OctaveNum>
          <Stem>
            <Dir>Down</Dir>
          </Stem>
        </Note>
        <Note>
          <Type>Minima</Type>
          <Length>
            <Num>1</Num>
            <Den>1</Den>
          </Length>
          <LetterName>B</LetterName>
          <OctaveNum>3</OctaveNum>
        </Note>
        <Note>
          <Type>Minima</Type>
          <Length>
            <Num>1</Num>
            <Den>1</Den>
          </Length>
          <LetterName>C</LetterName>
          <OctaveNum>3</OctaveNum>
        </Note>
        <MiscItem>
          <Ellipsis />
        </MiscItem>
        <Note>
          <Type>Longa</Type>
          <Length>
            <Num>8</Num>
            <Den>1</Den>
          </Length>
          <LetterName>D</LetterName>
          <OctaveNum>2</OctaveNum>
        </Note>
      </EventList>
    </Voice>
    <Voice>
      <Name>Bassus.</Name>
      <EventList>
        <Clef>
          <Appearance>Frnd</Appearance>
          <StaffLoc>7</StaffLoc>
          <Pitch>
            <LetterName>F</LetterName>
            <OctaveNum>2</OctaveNum>
          </Pitch>
        </Clef>
        <Clef>
          <Appearance>Bmol</Appearance>
          <StaffLoc>3</StaffLoc>
          <Pitch>
            <LetterName>B</LetterName>
            <OctaveNum>2</OctaveNum>
          </Pitch>
          <Signature />
        </Clef>
        <Mensuration>
          <Sign>
            <MainSymbol>C</MainSymbol>
            <Strokes>1</Strokes>
          </Sign>
        </Mensuration>
        <Rest>
          <Type>Longa</Type>
          <Length>
            <Num>8</Num>
            <Den>1</Den>
          </Length>
          <BottomStaffLine>3</BottomStaffLine>
          <NumSpaces>2</NumSpaces>
        </Rest>
        <Rest>
          <Type>Minima</Type>
          <Length>
            <Num>1</Num>
            <Den>1</Den>
          </Length>
          <BottomStaffLine>4</BottomStaffLine>
          <NumSpaces>0</NumSpaces>
        </Rest>
        <OriginalText>
          <Phrase>Misericordie</Phrase>
        </OriginalText>
        <Note>
          <Type>Semibrevis</Type>
          <Length>
            <Num>2</Num>
            <Den>1</Den>
          </Length>
          <LetterName>G</LetterName>
          <OctaveNum>2</OctaveNum>
        </Note>
        <Note>
          <Type>Minima</Type>
          <Length>
            <Num>1</Num>
            <Den>1</Den>
          </Length>
          <LetterName>G</LetterName>
          <OctaveNum>2</OctaveNum>
          <Stem>
            <Dir>Down</Dir>
          </Stem>
        </Note>
        <Note>
          <Type>Semibrevis</Type>
          <Length>
            <Num>2</Num>
            <Den>1</Den>
          </Length>
          <LetterName>D</LetterName>
          <OctaveNum>2</OctaveNum>
        </Note>
        <Note>
          <Type>Semibrevis</Type>
          <Length>
            <Num>2</Num>
            <Den>1</Den>
          </Length>
          <LetterName>E</LetterName>
          <OctaveNum>2</OctaveNum>
        </Note>
        <Note>
          <Type>Semibrevis</Type>
          <Length>
            <Num>2</Num>
            <Den>1</Den>
          </Length>
          <LetterName>D</LetterName>
          <OctaveNum>2</OctaveNum>
        </Note>
        <Note>
          <Type>Longa</Type>
          <Length>
            <Num>8</Num>
            <Den>1</Den>
          </Length>
          <LetterName>G</LetterName>
          <OctaveNum>1</OctaveNum>
        </Note>
        <Rest>
          <Type>Brevis</Type>
          <Length>
            <Num>4</Num>
            <Den>1</Den>
          </Length>
          <BottomStaffLine>4</BottomStaffLine>
          <NumSpaces>1</NumSpaces>
        </Rest>
        <Rest>
          <Type>Minima</Type>
          <Length>
            <Num>1</Num>
            <Den>1</Den>
          </Length>
          <BottomStaffLine>4</BottomStaffLine>
          <NumSpaces>0</NumSpaces>
        </Rest>
        <OriginalText>
          <Phrase>vita</Phrase>
        </OriginalText>
        <Note>
          <Type>Minima</Type>
          <Length>
            <Num>1</Num>
            <Den>1</Den>
          </Length>
          <LetterName>G</LetterName>
          <OctaveNum>2</OctaveNum>
          <Stem>
            <Dir>Down</Dir>
          </Stem>
        </Note>
        <Note>
          <Type>Minima</Type>
          <Length>
            <Num>1</Num>
            <Den>1</Den>
          </Length>
          <LetterName>G</LetterName>
          <OctaveNum>2</OctaveNum>
          <Stem>
            <Dir>Down</Dir>
          </Stem>
        </Note>
        <MiscItem>
          <Ellipsis />
        </MiscItem>
        <Note>
          <Type>Longa</Type>
          <Length>
            <Num>8</Num>
            <Den>1</Den>
          </Length>
          <LetterName>G</LetterName>
          <OctaveNum>1</OctaveNum>
        </Note>
      </EventList>
    </Voice>
  </VoiceData>
</Piece>

