<?xml version="1.0" encoding="UTF-8"?>
<Piece xmlns="http://www.cmme.org" xmlns:xsi="http://www.w3.org/2001/XMLSchema-instance" xsi:schemaLocation="http://www.cmme.org cmme.xsd">
  <GeneralData>
    <Incipit />
    <Title>Salve regina</Title>
    <Composer>Anonymous</Composer>
    <Editor>Marnix van Berchum</Editor>
  </GeneralData>
  <VoiceData>
    <NumVoices>4</NumVoices>
    <Voice>
      <Name>[Superius]</Name>
      <EventList>
        <Clef>
          <Appearance>C</Appearance>
          <StaffLoc>1</StaffLoc>
          <Pitch>
            <LetterName>C</LetterName>
            <OctaveNum>3</OctaveNum>
          </Pitch>
        </Clef>
        <Mensuration>
          <Sign>
            <MainSymbol>C</MainSymbol>
            <Strokes>1</Strokes>
          </Sign>
          <StaffLoc>5</StaffLoc>
        </Mensuration>
        <Rest>
          <Type>Semibrevis</Type>
          <Length>
            <Num>2</Num>
            <Den>1</Den>
          </Length>
          <BottomStaffLine>4</BottomStaffLine>
          <NumSpaces>0</NumSpaces>
        </Rest>
        <Note>
          <Type>Semibrevis</Type>
          <Length>
            <Num>6</Num>
            <Den>2</Den>
          </Length>
          <LetterName>A</LetterName>
          <OctaveNum>4</OctaveNum>
        </Note>
        <Dot>
          <StaffLoc>3</StaffLoc>
        </Dot>
        <OriginalText>
          <Phrase>VIta</Phrase>
        </OriginalText>
        <Note>
          <Type>Minima</Type>
          <Length>
            <Num>1</Num>
            <Den>1</Den>
          </Length>
          <LetterName>G</LetterName>
          <OctaveNum>3</OctaveNum>
        </Note>
        <Note>
          <Type>Minima</Type>
          <Length>
            <Num>1</Num>
            <Den>1</Den>
          </Length>
          <LetterName>F</LetterName>
          <OctaveNum>3</OctaveNum>
        </Note>
        <Note>
          <Type>Minima</Type>
          <Length>
            <Num>1</Num>
            <Den>1</Den>
          </Length>
          <LetterName>E</LetterName>
          <OctaveNum>3</OctaveNum>
        </Note>
        <Note>
          <Type>Minima</Type>
          <Length>
            <Num>1</Num>
            <Den>1</Den>
          </Length>
          <LetterName>D</LetterName>
          <OctaveNum>3</OctaveNum>
        </Note>
        <Note>
          <Type>Minima</Type>
          <Length>
            <Num>1</Num>
            <Den>1</Den>
          </Length>
          <LetterName>E</LetterName>
          <OctaveNum>3</OctaveNum>
        </Note>
        <Note>
          <Type>Semibrevis</Type>
          <Length>
            <Num>2</Num>
            <Den>1</Den>
          </Length>
          <LetterName>F</LetterName>
          <OctaveNum>3</OctaveNum>
        </Note>
        <Note>
          <Type>Semibrevis</Type>
          <Length>
            <Num>2</Num>
            <Den>1</Den>
          </Length>
          <LetterName>G</LetterName>
          <OctaveNum>3</OctaveNum>
        </Note>
        <Note>
          <Type>Semibrevis</Type>
          <Length>
            <Num>6</Num>
            <Den>2</Den>
          </Length>
          <LetterName>G</LetterName>
          <OctaveNum>3</OctaveNum>
        </Note>
        <Dot>
          <StaffLoc>3</StaffLoc>
        </Dot>
        <Note>
          <Type>Minima</Type>
          <Length>
            <Num>1</Num>
            <Den>1</Den>
          </Length>
          <LetterName>A</LetterName>
          <OctaveNum>4</OctaveNum>
        </Note>
        <MiscItem>
          <Ellipsis />
        </MiscItem>
        <Note>
          <Type>Longa</Type>
          <Length>
            <Num>8</Num>
            <Den>1</Den>
          </Length>
          <LetterName>E</LetterName>
          <OctaveNum>3</OctaveNum>
          <Stem>
            <Dir>Down</Dir>
          </Stem>
        </Note>
      </EventList>
    </Voice>
    <Voice>
      <Name>Contratenor</Name>
      <EventList>
        <Clef>
          <Appearance>C</Appearance>
          <StaffLoc>7</StaffLoc>
          <Pitch>
            <LetterName>C</LetterName>
            <OctaveNum>3</OctaveNum>
          </Pitch>
        </Clef>
        <Mensuration>
          <Sign>
            <MainSymbol>C</MainSymbol>
            <Strokes>1</Strokes>
          </Sign>
        </Mensuration>
        <OriginalText>
          <Phrase>Vita</Phrase>
        </OriginalText>
        <Note>
          <Type>Semibrevis</Type>
          <Length>
            <Num>6</Num>
            <Den>2</Den>
          </Length>
          <LetterName>A</LetterName>
          <OctaveNum>3</OctaveNum>
        </Note>
        <Dot>
          <StaffLoc>3</StaffLoc>
        </Dot>
        <Note>
          <Type>Minima</Type>
          <Length>
            <Num>1</Num>
            <Den>1</Den>
          </Length>
          <LetterName>G</LetterName>
          <OctaveNum>2</OctaveNum>
        </Note>
        <Note>
          <Type>Minima</Type>
          <Length>
            <Num>1</Num>
            <Den>1</Den>
          </Length>
          <LetterName>F</LetterName>
          <OctaveNum>2</OctaveNum>
        </Note>
        <Note>
          <Type>Minima</Type>
          <Length>
            <Num>1</Num>
            <Den>1</Den>
          </Length>
          <LetterName>E</LetterName>
          <OctaveNum>2</OctaveNum>
        </Note>
        <Note>
          <Type>Brevis</Type>
          <Length>
            <Num>4</Num>
            <Den>1</Den>
          </Length>
          <LetterName>D</LetterName>
          <OctaveNum>2</OctaveNum>
        </Note>
        <Note>
          <Type>Semibrevis</Type>
          <Length>
            <Num>2</Num>
            <Den>1</Den>
          </Length>
          <LetterName>D</LetterName>
          <OctaveNum>3</OctaveNum>
        </Note>
        <Note>
          <Type>Semibrevis</Type>
          <Length>
            <Num>2</Num>
            <Den>1</Den>
          </Length>
          <LetterName>B</LetterName>
          <OctaveNum>3</OctaveNum>
        </Note>
        <Note>
          <Type>Minima</Type>
          <Length>
            <Num>1</Num>
            <Den>1</Den>
          </Length>
          <LetterName>C</LetterName>
          <OctaveNum>3</OctaveNum>
          <Stem>
            <Dir>Down</Dir>
          </Stem>
        </Note>
        <Note>
          <Type>Minima</Type>
          <Length>
            <Num>1</Num>
            <Den>1</Den>
          </Length>
          <LetterName>D</LetterName>
          <OctaveNum>3</OctaveNum>
          <Stem>
            <Dir>Down</Dir>
          </Stem>
        </Note>
        <Note>
          <Type>Semibrevis</Type>
          <Length>
            <Num>2</Num>
            <Den>1</Den>
          </Length>
          <LetterName>E</LetterName>
          <OctaveNum>3</OctaveNum>
        </Note>
        <MiscItem>
          <Ellipsis />
        </MiscItem>
        <Note>
          <Type>Longa</Type>
          <Length>
            <Num>8</Num>
            <Den>1</Den>
          </Length>
          <LetterName>A</LetterName>
          <OctaveNum>3</OctaveNum>
          <Stem>
            <Dir>Down</Dir>
          </Stem>
        </Note>
      </EventList>
    </Voice>
    <Voice>
      <Name>Tenor.</Name>
      <EventList>
        <Clef>
          <Appearance>C</Appearance>
          <StaffLoc>7</StaffLoc>
          <Pitch>
            <LetterName>C</LetterName>
            <OctaveNum>3</OctaveNum>
          </Pitch>
        </Clef>
        <Mensuration>
          <Sign>
            <MainSymbol>C</MainSymbol>
            <Strokes>1</Strokes>
          </Sign>
        </Mensuration>
        <OriginalText>
          <Phrase>Vi</Phrase>
        </OriginalText>
        <Note>
          <Type>Longa</Type>
          <Length>
            <Num>24</Num>
            <Den>2</Den>
          </Length>
          <LetterName>A</LetterName>
          <OctaveNum>3</OctaveNum>
          <Lig>Recta</Lig>
        </Note>
        <Dot>
          <StaffLoc>3</StaffLoc>
        </Dot>
        <Note>
          <Type>Longa</Type>
          <Length>
            <Num>8</Num>
            <Den>1</Den>
          </Length>
          <LetterName>G</LetterName>
          <OctaveNum>2</OctaveNum>
        </Note>
        <Note>
          <Type>Longa</Type>
          <Length>
            <Num>8</Num>
            <Den>1</Den>
          </Length>
          <LetterName>A</LetterName>
          <OctaveNum>3</OctaveNum>
          <Stem>
            <Dir>Down</Dir>
          </Stem>
        </Note>
        <OriginalText>
          <Phrase>ta</Phrase>
        </OriginalText>
        <Note>
          <Type>Brevis</Type>
          <Length>
            <Num>4</Num>
            <Den>1</Den>
          </Length>
          <LetterName>D</LetterName>
          <OctaveNum>2</OctaveNum>
        </Note>
        <Rest>
          <Type>Semibrevis</Type>
          <Length>
            <Num>2</Num>
            <Den>1</Den>
          </Length>
          <BottomStaffLine>3</BottomStaffLine>
          <NumSpaces>0</NumSpaces>
        </Rest>
        <OriginalText>
          <Phrase>dulcedo</Phrase>
        </OriginalText>
        <Note>
          <Type>Semibrevis</Type>
          <Length>
            <Num>2</Num>
            <Den>1</Den>
          </Length>
          <LetterName>A</LetterName>
          <OctaveNum>3</OctaveNum>
        </Note>
        <Note>
          <Type>Brevis</Type>
          <Length>
            <Num>4</Num>
            <Den>1</Den>
          </Length>
          <LetterName>G</LetterName>
          <OctaveNum>2</OctaveNum>
        </Note>
        <Note>
          <Type>Semibrevis</Type>
          <Length>
            <Num>6</Num>
            <Den>2</Den>
          </Length>
          <LetterName>F</LetterName>
          <OctaveNum>2</OctaveNum>
        </Note>
        <Dot>
          <StaffLoc>2</StaffLoc>
        </Dot>
        <Note>
          <Type>Minima</Type>
          <Length>
            <Num>1</Num>
            <Den>1</Den>
          </Length>
          <LetterName>E</LetterName>
          <OctaveNum>2</OctaveNum>
        </Note>
        <Note>
          <Type>Minima</Type>
          <Length>
            <Num>1</Num>
            <Den>1</Den>
          </Length>
          <LetterName>F</LetterName>
          <OctaveNum>2</OctaveNum>
        </Note>
        <MiscItem>
          <Ellipsis />
        </MiscItem>
        <Note>
          <Type>Longa</Type>
          <Length>
            <Num>8</Num>
            <Den>1</Den>
          </Length>
          <LetterName>E</LetterName>
          <OctaveNum>2</OctaveNum>
        </Note>
      </EventList>
    </Voice>
    <Voice>
      <Name>Basus.</Name>
      <EventList>
        <Clef>
          <Appearance>Frnd</Appearance>
          <StaffLoc>7</StaffLoc>
          <Pitch>
            <LetterName>F</LetterName>
            <OctaveNum>2</OctaveNum>
          </Pitch>
        </Clef>
        <Mensuration>
          <Sign>
            <MainSymbol>C</MainSymbol>
            <Strokes>1</Strokes>
          </Sign>
          <StaffLoc>6</StaffLoc>
        </Mensuration>
        <Rest>
          <Type>Brevis</Type>
          <Length>
            <Num>4</Num>
            <Den>1</Den>
          </Length>
          <BottomStaffLine>4</BottomStaffLine>
          <NumSpaces>1</NumSpaces>
        </Rest>
        <OriginalText>
          <Phrase>Vita</Phrase>
        </OriginalText>
        <Note>
          <Type>Semibrevis</Type>
          <Length>
            <Num>6</Num>
            <Den>2</Den>
          </Length>
          <LetterName>A</LetterName>
          <OctaveNum>3</OctaveNum>
        </Note>
        <Dot>
          <StaffLoc>5</StaffLoc>
        </Dot>
        <Note>
          <Type>Minima</Type>
          <Length>
            <Num>1</Num>
            <Den>1</Den>
          </Length>
          <LetterName>G</LetterName>
          <OctaveNum>2</OctaveNum>
        </Note>
        <Note>
          <Type>Minima</Type>
          <Length>
            <Num>1</Num>
            <Den>1</Den>
          </Length>
          <LetterName>F</LetterName>
          <OctaveNum>2</OctaveNum>
        </Note>
        <Note>
          <Type>Minima</Type>
          <Length>
            <Num>1</Num>
            <Den>1</Den>
          </Length>
          <LetterName>E</LetterName>
          <OctaveNum>2</OctaveNum>
        </Note>
        <Note>
          <Type>Semibrevis</Type>
          <Length>
            <Num>2</Num>
            <Den>1</Den>
          </Length>
          <LetterName>D</LetterName>
          <OctaveNum>2</OctaveNum>
        </Note>
        <Note>
          <Type>Semibrevis</Type>
          <Length>
            <Num>6</Num>
            <Den>2</Den>
          </Length>
          <LetterName>E</LetterName>
          <OctaveNum>2</OctaveNum>
        </Note>
        <Dot>
          <StaffLoc>3</StaffLoc>
        </Dot>
        <Note>
          <Type>Minima</Type>
          <Length>
            <Num>1</Num>
            <Den>1</Den>
          </Length>
          <LetterName>D</LetterName>
          <OctaveNum>2</OctaveNum>
        </Note>
        <Note>
          <Type>Semibrevis</Type>
          <Length>
            <Num>2</Num>
            <Den>1</Den>
          </Length>
          <LetterName>C</LetterName>
          <OctaveNum>2</OctaveNum>
        </Note>
        <Note>
          <Type>Semibrevis</Type>
          <Length>
            <Num>2</Num>
            <Den>1</Den>
          </Length>
          <LetterName>B</LetterName>
          <OctaveNum>2</OctaveNum>
        </Note>
        <Note>
          <Type>Brevis</Type>
          <Length>
            <Num>4</Num>
            <Den>1</Den>
          </Length>
          <LetterName>A</LetterName>
          <OctaveNum>2</OctaveNum>
        </Note>
        <MiscItem>
          <Ellipsis />
        </MiscItem>
        <Note>
          <Type>Longa</Type>
          <Length>
            <Num>8</Num>
            <Den>1</Den>
          </Length>
          <LetterName>A</LetterName>
          <OctaveNum>2</OctaveNum>
        </Note>
      </EventList>
    </Voice>
  </VoiceData>
</Piece>

